{"item_type":"1","item_name":"xxxad123","item_description":"\u770b\u8fd9\u91cc","password":"","pages":{"pages":[{"page_title":"\u9996\u9875-\u52a0\u8f7dbanner","cat_id":"0","page_content":"    \n##### \u7b80\u8981\u63cf\u8ff0\n\n- \u8f6e\u64ad\n\n##### \u8bf7\u6c42URL\n- ` \/api\/banner `\n  \n##### \u8bf7\u6c42\u65b9\u5f0f\n- POST \n\n##### \u53c2\u6570\n\n\u65e0\n\n##### \u8fd4\u56de\u793a\u4f8b \n\n``` \n  {\"code\":200,\"data\":[{\"id\":1,\"name\":\"\\u56fe\\u4e00\",\"adverid\":1,\"thumb_url\":\"\\\/uploads\\\/files\\\/20221102\\\/16673199466361488a98e30.jpg\",\"url\":\"\\\/products.html\",\"sort\":1,\"title\":\"\\u8f7b\\u677e\\u7406\\u8d22,\\u751f\\u6d3b\\u65e0\\u5fe7.\",\"description\":null,\"code\":null,\"templates\":\"default,film,bluev3\",\"created_at\":\"2019-06-23 16:37:26\",\"updated_at\":\"2022-11-10 16:38:14\"},{\"id\":2,\"name\":\"\\u56fe\\u4e8c\",\"adverid\":1,\"thumb_url\":\"\\\/uploads\\\/files\\\/20221102\\\/166731996163614899b2e08.jpg\",\"url\":\"\\\/products.html\",\"sort\":1,\"title\":\"\\u65b0\\u4eba\\u8c6a\\u793c\",\"description\":null,\"code\":null,\"templates\":\"default,film,bluev3\",\"created_at\":\"2019-06-23 16:38:01\",\"updated_at\":\"2022-11-02 00:26:03\"},{\"id\":3,\"name\":\"\\u56fe\\u4e09\",\"adverid\":1,\"thumb_url\":\"\\\/uploads\\\/files\\\/20221102\\\/1667319972636148a423f19.jpg\",\"url\":\"\\\/products.html\",\"sort\":1,\"title\":\"\\u9080\\u8bf7\\u597d\\u53cb,\\u7ea2\\u5305\\u62ff\\u4e0d\\u505c\",\"description\":null,\"code\":null,\"templates\":\"default,film,bluev3\",\"created_at\":\"2019-06-23 16:38:52\",\"updated_at\":\"2022-11-02 00:26:14\"}]}\n```\n\n##### \u8fd4\u56de\u53c2\u6570\u8bf4\u660e \n\n|\u53c2\u6570\u540d|\u7c7b\u578b|\u8bf4\u660e|\n|:-----  |:-----|-----                           |\n|thumb_url |string   |\u56fe\u7247\u5730\u5740 |\n\n- \u5176\u4ed6\u7684\u4e0d\u7528\n\n##### \u5907\u6ce8 \n\n- \u66f4\u591a\u8fd4\u56de\u9519\u8bef\u4ee3\u7801\u8bf7\u770b\u9996\u9875\u7684\u9519\u8bef\u4ee3\u7801\u63cf\u8ff0\n\n\n\n\u6b22\u8fce\u4f7f\u7528ShowDoc\uff01","s_number":"99","page_comments":""},{"page_title":"\u9996\u9875-\u9879\u76ee\u5217\u8868","cat_id":"0","page_content":"\n\n    \n##### \u7b80\u8981\u63cf\u8ff0\n\n- \u7528\u6237\u6ce8\u518c\u63a5\u53e3\n\n##### \u8bf7\u6c42URL\n- ` \/api\/products `\n  \n##### \u8bf7\u6c42\u65b9\u5f0f\n- POST \n\n##### \u53c2\u6570\n\u65e0\n\n##### \u8fd4\u56de\u793a\u4f8b \n\n``` \n{\n\t\"code\": 200,\n\t\"data\": [{\n\t\t\"id\": 132,\n\t\t\"category_id\": 11,\n\t\t\"category_name\": \"\\u533b\\u7597\\u4e13\\u533a\",\n\t\t\"title\": \"\\u4e1c\\u65b9\\u8d22\\u5bcc3T\\u8d85\\u5bfc\\u578b\\u78c1\\u5171\\u632f\\u6210\\u50cf\\u9879\\u76ee\",\n\t\t\"shorttitle\": \"\\u4e1c\\u65b9\\u8d22\\u5bcc3T\\u8d85\\u5bfc\\u578b\\u78c1\\u5171\\u632f\\u6210\\u50cf\\u9879\\u76ee\",\n\t\t\"bljg\": \"\\u4e2d\\u56fd\\u5e73\\u5b89\\u8d22\\u4ea7\\u4fdd\\u9669\\u80a1\\u4efd\\u6709\\u9650\\u516c\\u53f8\",\n\t\t\"xmgm\": 5200,\n\t\t\"xmjd\": 10,\n\t\t\"qtje\": 60000,\n\t\t\"zgje\": null,\n\t\t\"tzrs\": null,\n\t\t\"ktje\": null,\n\t\t\"jyrsy\": \"1.8\",\n\t\t\"tqsyyj\": null,\n\t\t\"shijian\": \"90\",\n\t\t\"pic\": \"\\\/uploads\\\/files\\\/20210812\\\/1628739121611496313e545.jpg\",\n\t\t\"content\": \"\",\n\t\t\"qxdw\": \"\\u4e2a\\u81ea\\u7136\\u65e5\",\n\t\t\"hkfs\": 0,\n\t\t\"cishu\": null,\n\t\t\"tzzt\": 0,\n\t\t\"isft\": 0,\n\t\t\"level\": 1,\n\t\t\"issy\": 1,\n\t\t\"sort\": 1,\n\t\t\"xxtc\": 0,\n\t\t\"xxtcbl\": \"{\\\"1\\\":\\\"0\\\",\\\"2\\\":\\\"0\\\",\\\"3\\\":\\\"0\\\",\\\"4\\\":\\\"0\\\",\\\"5\\\":\\\"0\\\"}\",\n\t\t\"buydata\": \"[\\\"0\\\",\\\"0\\\",\\\"1\\\"]\",\n\t\t\"click_count\": 432,\n\t\t\"isaouttm\": 0,\n\t\t\"futoucishu\": 10000,\n\t\t\"endingtime\": \"2020-12-31 12:18:35\",\n\t\t\"created_at\": \"2020-12-31 12:18:35\",\n\t\t\"updated_at\": \"2023-04-28 22:49:26\",\n\t\t\"wzone\": null,\n\t\t\"wztwo\": null,\n\t\t\"wzthree\": null,\n\t\t\"rise\": 0,\n\t\t\"frequency\": 0,\n\t\t\"rise_time\": null,\n\t\t\"interval_time\": 1,\n\t\t\"ketouinfo\": \"\\u6295\\u8d44\\u671f\\u95f4\\u53ea\\u8981\\u4ea7\\u54c1\\u672a\\u6295\\u6ee1\\uff0c\\u6295\\u8d44\\u8005\\u5747\\u53ef\\u81ea\\u7531\\u6295\\u8d44\\u3002\",\n\t\t\"insuranceseal\": \"\\\/uploads\\\/files\\\/20210813\\\/16288206886115d4d00f030.png\",\n\t\t\"tagcolor\": null,\n\t\t\"status\": 1,\n\t\t\"countdown\": \"2020-12-31 12:18:35\",\n\t\t\"countdownad\": null,\n\t\t\"coupon\": \"4,2\"\n\t}]\n}\n```\n\n##### \u8fd4\u56de\u53c2\u6570\u8bf4\u660e \n\n|\u53c2\u6570\u540d|\u7c7b\u578b|\u8bf4\u660e|\n|:-----  |:-----|-----                           |\n|id |int   |\u9879\u76eeid|\n|pic |int   |\u9879\u76ee\u56fe\u7247|\n|title |string   |\u540d\u5b57|\n|hkfs |int   |\u4ecb\u7ecd|\n|qtje |int   |\u6295\u8d44\u91d1\u989d|\n|jyrsy |int   |\u6536\u76ca\u6bd4\u4f8b|\n|qxdw |string   |$P->qxdw=='\u4e2a\u5c0f\u65f6'?'\u5c0f\u65f6':'\u5929'|\n|shijian |string   |\u65f6\u95f4|\n|jyrsy*qtje\/100 |string   |\u91d1\u989d\u00d7\u6295\u8d44\u91d1\u989d\u9664100|\n|xmjd |int   |\u9879\u76ee\u8fdb\u5ea6|\n\n##### \u5907\u6ce8 \n\n- \u66f4\u591a\u8fd4\u56de\u9519\u8bef\u4ee3\u7801\u8bf7\u770b\u9996\u9875\u7684\u9519\u8bef\u4ee3\u7801\u63cf\u8ff0\n\n\n\n\u6b22\u8fce\u4f7f\u7528ShowDoc\uff01","s_number":"99","page_comments":""},{"page_title":"\u9996\u9875-10\u4e2a\u83dc\u5355","cat_id":"0","page_content":"\n\n    \n##### \u7b80\u8981\u63cf\u8ff0\n\n- \u7528\u6237\u6ce8\u518c\u63a5\u53e3\n\n##### \u8bf7\u6c42URL\n- ` \/api\/menu `\n  \n##### \u8bf7\u6c42\u65b9\u5f0f\n- POST \n\n##### \u53c2\u6570\n\n\n##### \u8fd4\u56de\u793a\u4f8b \n\n``` \n{\n\t\"code\": 200,\n\t\"data\": [{\n\t\t\"id\": 42,\n\t\t\"parent\": 0,\n\t\t\"name\": \"\\u6bcf\\u65e5\\u7b7e\\u5230\",\n\t\t\"sort\": 9,\n\t\t\"thumb_url\": \"\\\/uploads\\\/files\\\/20200328\\\/15853768245e7eee3801a74.png\",\n\t\t\"model\": \"links\",\n\t\t\"color\": \"#000000\",\n\t\t\"ctitle\": \"\\u6bcf\\u65e5\\u7b7e\\u5230\",\n\t\t\"links\": \"javascript:qiandao();\",\n\t\t\"ckeywords\": \"\\u6bcf\\u65e5\\u7b7e\\u5230\",\n\t\t\"cdescription\": \"\\u6bcf\\u65e5\\u7b7e\\u5230\",\n\t\t\"ccontent\": \"\",\n\t\t\"atindex\": 0,\n\t\t\"atfoot\": 0,\n\t\t\"isshow\": 0,\n\t\t\"ismenus\": 0,\n\t\t\"morec\": 1,\n\t\t\"classname\": null,\n\t\t\"click_count\": 0,\n\t\t\"templates\": \"bluev3\",\n\t\t\"created_at\": \"2020-03-28 14:25:41\",\n\t\t\"updated_at\": \"2020-12-13 23:14:42\"\n\t}]\n}\n\n```\n\n##### \u8fd4\u56de\u53c2\u6570\u8bf4\u660e \n\n|\u53c2\u6570\u540d|\u7c7b\u578b|\u8bf4\u660e|\n|:-----  |:-----|-----                           |\n|name |string   |\u540d\u5b57|\n|thumb_url |string   |icon\u56fe\u7247|\n|isshow |int   |\u662f\u5426\u663e\u793a|\n\n##### \u5907\u6ce8 \n\n- \u66f4\u591a\u8fd4\u56de\u9519\u8bef\u4ee3\u7801\u8bf7\u770b\u9996\u9875\u7684\u9519\u8bef\u4ee3\u7801\u63cf\u8ff0\n\n\n\n\u6b22\u8fce\u4f7f\u7528ShowDoc\uff01","s_number":"99","page_comments":""},{"page_title":"\u9996\u9875-\u83b7\u53d6\u89c6\u9891","cat_id":"0","page_content":"\n\n    \n##### \u7b80\u8981\u63cf\u8ff0\n\n- \u7528\u6237\u6ce8\u518c\u63a5\u53e3\n\n##### \u8bf7\u6c42URL\n- ` \/api\/video `\n  \n##### \u8bf7\u6c42\u65b9\u5f0f\n- POST \n\n##### \u53c2\u6570\n\n|\u53c2\u6570\u540d|\u5fc5\u9009|\u7c7b\u578b|\u8bf4\u660e|\n|:----    |:---|:----- |-----   |\n\n##### \u8fd4\u56de\u793a\u4f8b \n\n``` \n{\n\t\"code\": 200,\n\t\"data\": {\n\t\t\"open\": \"\\u5f00\\u542f\",\n\t\t\"videourl\": \"\\\/video\\\/lv.mp4\"\n\t}\n}\n\n\n```\n\n##### \u8fd4\u56de\u53c2\u6570\u8bf4\u660e \n\n|\u53c2\u6570\u540d|\u7c7b\u578b|\u8bf4\u660e|\n|:-----  |:-----|-----                           |\n|open |string   |\u5f00\u542f-\u663e\u793a\/\u5173\u95ed-\u9690\u85cf  |\n|videourl |string   |\u89c6\u9891\u5730\u5740  |\n\n##### \u5907\u6ce8 \n\n- \u66f4\u591a\u8fd4\u56de\u9519\u8bef\u4ee3\u7801\u8bf7\u770b\u9996\u9875\u7684\u9519\u8bef\u4ee3\u7801\u63cf\u8ff0\n\n\n\n\u6b22\u8fce\u4f7f\u7528ShowDoc\uff01","s_number":"99","page_comments":""},{"page_title":"\u9996\u9875-\u70b9\u51fb\u9009\u62e9\u9879\u76ee\u5206\u7c7b","cat_id":"0","page_content":"\u6b22\u8fce\u4f7f\u7528ShowDoc\uff01\n\n    \n##### \u7b80\u8981\u63cf\u8ff0\n\n- \u7528\u6237\u6ce8\u518c\u63a5\u53e3\n\n##### \u8bf7\u6c42URL\n- ` http:\/\/xx.com\/api\/user\/register `\n  \n##### \u8bf7\u6c42\u65b9\u5f0f\n- POST \n\n##### \u53c2\u6570\n\n|\u53c2\u6570\u540d|\u5fc5\u9009|\u7c7b\u578b|\u8bf4\u660e|\n|:----    |:---|:----- |-----   |\n|username |\u662f  |string |\u7528\u6237\u540d   |\n|password |\u662f  |string | \u5bc6\u7801    |\n|name     |\u5426  |string | \u6635\u79f0    |\n\n##### \u8fd4\u56de\u793a\u4f8b \n\n``` \n  {\n    \"error_code\": 0,\n    \"data\": {\n      \"uid\": \"1\",\n      \"username\": \"12154545\",\n      \"name\": \"\u5434\u7cfb\u6302\",\n      \"groupid\": 2 ,\n      \"reg_time\": \"1436864169\",\n      \"last_login_time\": \"0\",\n    }\n  }\n```\n\n##### \u8fd4\u56de\u53c2\u6570\u8bf4\u660e \n\n|\u53c2\u6570\u540d|\u7c7b\u578b|\u8bf4\u660e|\n|:-----  |:-----|-----                           |\n|groupid |int   |\u7528\u6237\u7ec4id\uff0c1\uff1a\u8d85\u7ea7\u7ba1\u7406\u5458\uff1b2\uff1a\u666e\u901a\u7528\u6237  |\n\n##### \u5907\u6ce8 \n\n- \u66f4\u591a\u8fd4\u56de\u9519\u8bef\u4ee3\u7801\u8bf7\u770b\u9996\u9875\u7684\u9519\u8bef\u4ee3\u7801\u63cf\u8ff0\n\n\n\n","s_number":"99","page_comments":""}],"catalogs":[]}}